text,label,notes
"ok I've always wondered, how do they determine casa vs villa winners in the challenges, is production communicating that quick",analysis,
Can someone explain to me why I simply cannot get on board with Bryce for Trinity? Something about him totally rubs me the wrong way and I literaaaaallyyyyyy can't figure out what. I want to like him so bad!!,hot_take,
not me having to relive the brinity edit at the end of last ep to get tonight's,reaction,
happy tuesday. brinity nation how are we feeling after that preview,reaction,
I hope Kayda kisses that man/ couples up with him since Zach will most likely be coming back to the villa alone now that Alannah is gone,hot_take,
Kenzie is absolutely going to do at least one split tonight for the challenge and I am here for it,hot_take,
I just want it to be the recoupling episode I'm ANTSY for that reunion,reaction,
if i hear aniya say the word 'kc' this ep im gunna throw up,reaction,
Praying for our girls (melanie and aniya) to STAND UP and CLOCK IN to the explore factory this episode,hot_take,
Hopefully Alannah is gone this episode. PMO not wanting to kiss the poc in the hearts on fire comp,hot_take,
"More than anything, I want my girls to wake up and genuinely explore their casa experience without thinking about their guys at casa",hot_take,
Can someone just tell me if Brinity is ok lmfao,reaction,
Excited to see Aniya and Carl on my screen,reaction,
Only thing guaranteed is Kenzie doing the splits,hot_take,
"Trinity and Bryce fans, y'all are in for a long ass ride! If y'all think this is something, I have news for you! It's going to get worse if they leave that villa together!",hot_take,
"I believe this may be an unpopular opinion, but I am going to say something that I have been seeing for a while within the fans. I feel like some people live vicariously through the Black women contestants or treat them like sim characters which is what I believe is causing the Aniya-Carl discourse. It's frustrating to watch this being Black myself because it feels like putting Black people in a box. Just because two people are racially Black, it doesn't guarantee them clicking with each other.",analysis,
"I fully admit that I have no kind words to say about Zach but I trying so hard to see what positive qualities he gives at all. It must be a horrendous edit b/c his comment about the girls being fine and not stressed because they're surrounded by guys. He's a bad partner to Kayda, withheld her breakfast and has been constantly whining about the option of exploring. He's a bad friend to Bryce, and while the latter is certainly a grown man I still think it's wild to laugh in your friend's face. He is rude to Trinity and talks behind her back. I know most people on this sub don't like Zach but I am struggling to find his positive qualities.",analysis,
Nothing. Literally nothing. I think he's just there to do better than his brother,hot_take,
lol now everyone is colorist!?! Yikkkeeesss! It's crazy how things turn within this fanbase.,reaction,
Since the racist is still there… this is how I want producers to handle the Alannah situation. Let her stay through Casa so she can hardcore pursue Zach and they couple up. Kayda can move on. THEN give her the boot as soon as they're back. Kayda will see his true colors and Zach will be alone.,hot_take,
"I'm not convinced Alannah is leaving the show. Tolerance of offensive speech has been slowly creeping back up in recent years. It's been ok to say slurs online, the internet has changed since the height of cancel culture days. I wouldn't be surprised if the directions coming from up high are: just keep it pushing they'll forget about this eventually.",analysis,
so bryce is a scammer because he never dated a bw but trinity has also never dated a wm and the only allegations she gets are dummy ones???,hot_take,
"Ppl refusing to believe Bryce has feelings for Trinity…. Mind you, she's literally stunning, emotionally intelligent, and funny af. Legit the total package with a great personality like who isn't liking her lmao",hot_take,
People need to leave families alone. Why are they harassing Aniya's mom and telling her that her daughter is colorist or doesn't like black men? Just creating a scenario in their minds and running with it.,hot_take,
"I'll be honest, I think they should highly encourage family members and friends to not speak out during the show at all. Just don't engage. It's not fair but it also seemed like KC and Aniya's families were feuding prior to this, so we really need people less engaged when the show is on.",analysis,
"Whew I fear the stans are reaching season 7 level soon bc why did I just see a tweet making fun of Kc for being a CNA? Of all the things to dislike that man for, caring for the elderly isn't one of them",hot_take,
Liked that Ariana told the girls to be 'the main character' in their own stories. That's been a thing this season with the prompts.,analysis,
"I really like Kayda but if she goes back to Zach I am voting her off if we get a choice. Personally I feel the 'New Hampshire Grim Reaper' was unearned, she stood her ground with Melanie once and has spent the rest of her time dealing with Zach's negging.",analysis,
Sincere is playing the girls and Bryce is playing the audience (and Trinity),hot_take,
couldn't sleep last night… my Corbin sleep paralysis demon was standing in the corner saying 'go to work' while licking his lips all night,reaction,
Is KC just an f-boy???,hot_take,
Is Carl the first male contestant who has read a book in the last five years?,hot_take,
The online discourse surrounding Aniya is awful and I need people to understand we don't know these folks fr for all of this.,hot_take,
She's colorist. KC isn't her type. Blah blah none of the DSBM made the cut (which is apparently all on her let these folk tell it).,hot_take,
Yikes people around social media in general have lost their minds. How on earth did Aniya going for a wasian guy divulge into people going back and trying to pinpoint and now say she just straight up doesn't like black men?,reaction,
"I get a 'Coach from Survivor' vibe from Sincere. He definitely has enough shitty moments to be labeled as a villain, but I just can't take him seriously enough so I really don't find him that insufferable. His ridiculous metaphors and analogies.... man.",analysis,
confession: the disney edits for the couples cringe me out so bad sorry,hot_take,
To me he's a regular LI antagonist. We get a Sincere every year. Zach is the real evil,hot_take,
"Fans have become way too comfortable hating on islanders for anything and everything they do. They are extremely critical for what reason, it is a TV show and these are real people, calm down.",hot_take,
I wish I could ban the word bird from the watching public's vocabulary.,hot_take,
This fandom's so funny thinking they will ever get rid of the Melanie/Sincere storyline. I promise you they will end up being our 2nd or 3rd place couple of the season.,hot_take,
i know it wont happen but the way we saw such a different side to Corbin with Melanie than he is with all the other girls hes been with,analysis,
"He's not in this villa to find love or a partner. He just wants to get his d wet. He knew Melanie wasn't an actual prospect (due to Sincere), so he talked to her like a person.",hot_take,
Bryce after spending 2 weeks with Trinity [image reaction],reaction,
"Can you blame Bryce for yearning for Trinity? We as the viewers can't help but love her. She is such a bright light in that villa, I'm not surprised Bryce knows what he has and caught feelings. Brinity in 5!!!!",hot_take,
"This might be controversial, but really: with KC being called a colorist by some of the same folks shipping Brinity...Zach being seriously called gay and in love with Bryce...& Corey already being labeled to play for the other team, while saying that Bryce is 'secure in his masculinity'....if you have to make up these scenarios immediately after every episode to shield Bryce, you should examine why this is a pattern.",analysis,
All I will say about Bryce and Trinity is that the discourse around them is exhausting. We've been having this conversation for YEARS. Just swap out the islanders. It's mind numbingly boring.,hot_take,
"I am a black millennial & the black community has been using the term 'lustful' in regular, casual convo for AT LEAST 2 years. It's not a new gen z thing!!!!",hot_take,
I'm seeing colourist discourse in regards to the girls firstly no one being behind KCs door initially then now with them sending the darker skin men home. I think the only girl who actually would date DSBM is Trinity.,analysis,
"Bryce was so excited and tweaking about casa, then no one there really wanted him. Even if you look at the things he's saying about Trinity you'll see he's not praising her but what she does for him. 'she has my back, she makes me feel enough, she'd laugh at my jokes if she was here rn'. Sol was right.",analysis,
Genuinely what was the point of sending in 12 men if they only had a FEW HOURS to pick 6 to stay??? They didn't even get a full day in the villa. Such a waste of money flying them to Fiji for a half day,hot_take,
Why did Ariana say who the girls chose? Why didn't we get to see that deliberation? Why do they have to choose so quickly and send 6 home?,hot_take,
I don't like how people have been talking about Aniya. It's not a sin for black women to date outside their race and it says more about you if this is an issue. Out of all the guys there she clearly bonded with him due to common interest.,hot_take,
"It would probably help if we could see the dud conversations, so they should've made the episode longer. The Moment Carl started talking to Aniya it was like 'Oh Him- She Should Pick Him'",analysis,
"I think Trinity and Corey are cute, it makes sense she'd be into someone who is closer to her age rather than someone who is 30.",hot_take,
"People value a hot take more than they value reality. I too thought 'are you kidding me' during that chat but then when Aniya went out and had fun I thought 'alright, they were just goofing.' But lots of people are frozen in time in that moment because they already had their angry tweet locked and loaded.",analysis,
I already like the Carl and Aniyah coupling and KC and Titi coupling more. Their personalities seem to match better. Maybe KC and Aniyah are just too opposite. Aniyah needs someone more serious and KC needs someone more bubbly.,analysis,
I don't see KC going anywhere really. I was never on board with people trying to make him into Sincere 2.0. He and Aniya brought out the worse in one another and honestly I feel like she was the worse of the two in that couple.,hot_take,
"predictions: Sincere goes back to Melanie only bc he didn't find anyone he was attracted to. KC Coming back w Tiarra - he was never into Aniyah, he was just trying to act like he cared to win the audience over and stay in the game… his mask slipped as soon as he was in casa",hot_take,
"It's weird as hell to me that the girls are getting hate for the men they chose for Casa. They only had a few hours to make a choice. They chose people they liked, what's wrong with that?",hot_take,
I think Gal is a good boy for love island. Not the usual physical type to come on. But he's a surfer boy that owns a coffee shop; basically rom com stuff. Seems like he could end up being pretty mellow.,hot_take,
Okay I slept on it and I woke up still angry about Melanie and Aniya's offensive giggle fit. Nothing was funny! Almost ruined the whole episode but Aniya and Carl's chat turned it back around.,reaction,
A lot of people who watch this show are so incredibly bitter and toxic. I have no idea what's going on in some peoples lives but the amount of hate that spills out all over the place is ridiculous.,hot_take,
The way people are talking about Melanie and Aniya is actually horrible and so demeaning. And for what? Because the two of them missed the men they've been coupled up with for weeks? These are real humans with real feelings.,hot_take,
"I'm not on the good side of TikTok. They're calling Aniya colorist for not choosing Keyon just because he kissquatted her. I'm over these people, man.",reaction,
"Just know they will be calling Aniya a cOloRisT until the end of time. They did the same thing with JaNa. Anyway, I like Carl for Aniya and Tierra for KC so far, I hope Aniya & KC are done for good. They were never compatible from the beginning.",hot_take,
"Why are so many people still mad at Aniya when she's actively pursuing a man that showed interest in her, like everyone wanted her to",hot_take,
"i love how the islanders act like life ends at 30, meanwhile the show is hosted by 40-year-old MEGABABE ariana madix. trinity's comment about how she's planning on being hot forever made me laugh",hot_take,
I'm 30 and had a hairdresser who was in her mid-20s who would always make comments like 'oh yeah I guess you're about that age where everyone's doing that'. Gen z acting like people a few years older than them could be their parents is so fucking bizarre,hot_take,
they're gonna learn real soon that 40 is the new 30,hot_take,
Girl life BEGINS at 30. I'm so glad I'm no longer in my 20's. These girls just haven't learned yet,hot_take,
I feel old also. I think though that the contestants always look older than other people their age. I know they're young but hearing 22 and I'm like I thought that guy was 30,hot_take,
I had no idea Ariana was cheeked up like that tbh,reaction,
"Ariana is goals. I'm 42 and this is so cheesy to say, but she honest to god gives me confidence.",reaction,
I feel like someone needs to tell Trinity that telling a 29 year old they look good for their age is impolite lol,hot_take,
I love that she was dressed like a siren ready to lure the women away from their couples,reaction,
"Melanie was never going to stray from Sincere. I think she believes she's fallen in love with him. I bet they'll be off-on outside the villa, too.",analysis,
I can't say I'm surprised about Melanie. She just got Sincere back and she's already seen how he moves within the villa. Aniya doesn't shock me too much either. I think she might have an anxious attachment style.,analysis,
I think the Brinity shippers are going to turn on Trinity if she doesn't decide to stay with Bryce. I'm already seeing the signs. They're nitpicking Corey over nothing already.,analysis,
"No, most Brinity fans are Trinity supporters first. She's easily the best islander by far.",hot_take,
Ex islanders shouldnt get on social media until after their aftersun segment. They're letting fans pass them up and create narratives that never happen.,hot_take,
People are so comfortable being homophobic when they see a man that might like other men,hot_take,
"3rd straight season of us doing this to black women instead of yelling at production for potentially picking only muscles as their dark black men option. Black women turned on JaNa for not picking Coye, turned on Olandria for not picking Jalen and now Aniya.",analysis,
"i think we see everyone back in the villa on Friday night and maybe the vote is Friday, so they have time to film vote results and show us for Sunday's episode.",hot_take,
Only way to win is to not play. I can't think of a less healthy place to be basing this sort of discourse than a horny reality TV show. It's like a blank canvas of half naked people for everyone to project their worldview onto.,analysis,
"I hope Sydney makes it to the villa, love her",reaction,
Melanie and sincere can continue their connection outside my villa at this point,reaction,
Why is that disgusting Miami chick still on our screens?! Get her off of there!,reaction,
I'm halfway convinced they can't kick her off because Charlie is gonna make an appearance and this was a damn plan because why the hell is Zach going after a girl that made out with him?,hot_take,
i've been checking all day for an update and am confused why there hasn't been one. she's disgusting and they've set a precedent that needs to be followed asap.,reaction,
The colorist conversation bc the dsbm weren't chosen really pisses me off. Sure the squat thing was really impressive but do they have to pick him because of that?,hot_take,
"Sincere read 'epitome' in a book, because he has clearly never heard it spoken.",reaction,
He lies so much he even confuses himself like it's so hard to keep track of all the lies,hot_take,
"Yeah let's be real, Corbin is no great scholar but he wasn't stupid enough to think that going for Melanie would work.",analysis,
I believe her mom also said Aniya has dated mostly black men. I'd rather Aniya picks someone she has chemistry and a connection with.,analysis,
Not just you. The days of 'good chat' are long gone.,hot_take,
"Misery loves company and as fun/great as Reddit can be, it's also the perfect breeding ground for that kind of behavior",hot_take,
I'm actually embarrassed with how nervous I am for the first look. I need to chill,reaction,
I hope casa concludes on Friday for real and we don't gotta wait till sunday,hot_take,
"like sol could've played her cards right got a skims campaign, expanded that modeling book & became a fave instead she decided to be andrea",analysis,
Bea and Sol need to sit tf back like they're both just irritating,hot_take,
"Now, you're sending THREE home IM SAT",reaction,
It's outtttttt,reaction,
it's up!!,reaction,
Only 1hr again,reaction,
Mine isn't showing on peacock smh,reaction,
I'm so tired of this iris and tj mayo ad,reaction,
Let's goo,reaction,
scared but hopeful!,reaction,
nervous,reaction,
same!!,reaction,
welcome back!!,reaction,
I'm ready to see Carl on my screen again,reaction,
I missed you guys I can't wait for tn,reaction,
So excited,reaction,
Arianna is such a baddie.,hot_take,
YESSSS like she IS the moment,reaction,
Ariana is my literal muse.,hot_take,
This was my fave look of hers so far this season,reaction,
Ariana truly is the ultimate final boss BOMBSHELL,hot_take,
she's literally the face of love island usa and i HOPE she's host for as long as she wants!!,hot_take,
I want to look like Ariana when i'm 40,hot_take,
She's so deserving! And it's amazing to see that out of millions of creators worldwide she's one of the chosen. She's truly building a name for herself from LI to now,hot_take,
I'm crying,reaction,
So proud of her,reaction,
Yesss!!!!,reaction,
just bring my shayla's back pls,reaction,
ready for bryce,reaction,
im so excited!!!,reaction,
My husband and I made it into a drinking game haha,reaction,
IM SAT,reaction,
Last night mine wasn't on til 836. Better be up NOWWWWW,reaction,
Her and Carl are sososo cute,hot_take,
"That mayor is an actual embarrassment. I love that he's going to pursue nursing instead! He seems to have a very caring heart, and I hope he finds happiness and fulfillment down this new career path.",reaction,
The mayor made me gain respect for a police officer. Rooting for Sean and his pursuit of nursing.,reaction,
Right??? Also baffling how a police officer gets humiliated and fired over taking unpaid leave and going on a reality show (which gave good pr). meanwhile they almost always refuse to name and shame the ones who abuse human rights let alone fire them.,analysis,
Bethlehem has a crime rate 22% below the national average. IDK why that mayor was acting like they were under martial law and it was up to Sean to keep the city safe.,analysis,
"He said in Aftersun something along the lines that he planned to 'just finish his contract after coming back from Love Island', which gave me impression that he didn't intend to stay in the police anyway.",analysis,
Apparently Ciara talked to him about nursing and encouraged him to pursue it!!,reaction,
"His biggest flaw was being a cop. Like, you seem nice and chill, but what kind of dirt and toxic opinions are you sitting on? What kind of shit are you prepared to cover up for the boys? Glad he's going in a better direction.",hot_take,
I love that he's going to pursue nursing instead! He seems to have a very caring heart.,reaction,
"Sean is really having a legendary Love Island arc. Dumped from the villa early but never had any kind of major negative rep and come home to being almost universally adored for how nice you are. And you have a douchebag mayor talking about you online, but literally the entire world comes to your defense? AND THEN you QUIT being a cop and pursue nursing.",analysis,
if he wants to crawl back LMFAOOO,reaction,
"I suspect Mayor McDouche will not be reelected. Sean seems like such a smart, stable, good human - exactly the type of person I want to be a cop.",hot_take,
I'm giving her grace because she just graduated and when I was in nursing school we literally spent 20 minutes on eye exams in all of the years of the program. Everything else was much more thorough.,analysis,
It wasn't that she was wrong… can give grace for that. It was her interruption and haughty attitude that she got shit for. And rightfully so. And her correction of Corbin for 'white noise',analysis,
Love Island out here taking cops out of the game. Can't complain about that.,hot_take,
I think he'd actually be a good nurse,hot_take,
Nurse Sean can check my vitals any time,reaction,
Ugh I so wish he was in the villa instead of Corbin,hot_take,
"Go Sean! We need male nurses! He's seriously so sweet and if he was a cop, he'll do great as a nurse!",hot_take,
"Why do you even watch reality tv shows? One of my favorite things about reality tv is seeing how certain contestants develop throughout the season and watching their downfall and their rise. Seeing two contestants go from enemies to best friends without the audience overanalyzing their behavior. There's beauty to all of it, the character development of it all.",analysis,
I hate when people cling to shit said and done weeks prior. Just cause a male islander was into a chick in week one doesn't mean he owes it to her to stay with her forever. Same with friendships - now people get called fake and traitors as if feelings can't change.,hot_take,
I watch love island cause I like to see hot people act an ass on tv and all the fuckery that comes with isolating 12 good looking people on a tropical island for weeks. I can't believe people spend time talking about and defending islanders like their life depends on it.,hot_take,
It's the stan culture aspect. People cling to certain islanders and they can do no wrong while others get torched for making an uncomfortable facial expression.,analysis,
every season I make a point to not look at any social media posts about the show until the season is over. I enjoy it so much more now. I truly think the Reddit audience works each other up too much to the point of hating people for making a really simple and normal mistake.,analysis,
Can we be honest for one second? I'm so tired of seeing post after post blaming Ace for everything in the villa. Why is it so hard to hold the islanders accountable for their actions? Ace is one of the only people willing to voice his opinion whether people like it or not.,hot_take,
"idk, I'm actually more mad that everyone else decided to follow a 22 year old. To me, that says more about them than ace.",analysis,
He was hella mad at Jeremiah for being locked in with one girl since day 1 but not Taylor? Bc Taylor is his boy. The double standard is whack. It's so obvious that ace was hella jealous of Jeremiah,analysis,
it's not even that he voices his opinions (i actually like that in an islander) it's that a lot of his 'opinions' feel rooted in jealousy and the desire to knock out his competition. like i don't truly believe he thought jeremiah was love bombing ppl…,analysis,
"To blame Ace even if he & Jeremiah never saw eye to eye for 2 other people who are older than him with fully developed brains is kinda crazy. Ace kinda said it perfectly to Austin, you have a problem that I speak my mind thats a you problem.",analysis,
He was jealous of Jeremiah and interested in Huda. In aces mind the only way J was able to lock Huda in was by love bombing which was bs. Jeremiah never made the same effort that Ace did for Chelley. Even during villa/casa challenge he was yelling at them telling them how to kiss it was controlling.,analysis,
I respect people who stand on their words and aren't afraid to voice their own opinions. but most if not all of ace's beefs were caused by him being a self centered narcissist. he fundamentally disagreed with jerimiah about the point of the game.,analysis,
he 'called chelly out' for pursuing things with chris but he has no right to be upset. it was HIM that said he wanted to be open and explore new connections before casa. he is so manipulative trying to make her feel bad for his fuck up,analysis,
"he is very loud and a very effective arguer, often elevating his voice above others to be the last voice, interrupting people mid conversation, using straw man arguments, gaslighting.",analysis,
"Ace prides himself on voicing his opinion, but he's the one person in the villa who should speak less and listen more. He claims he wants constructive criticism, but has demonstrated multiple times that he is unable to receive it.",analysis,
I know everybody hates bringing race into it but I know for a fact that if Ace was white the fans would've forgiven him by now and production would've done two redemption arcs for him,hot_take,
Seeing complex characters and their journey throughout the season and how they maneuver and grow from certain situations. Seeing complex house dynamics and how it shifts over the course of the season — there's beauty to all of it.,analysis,
I've been here since season 1. The growth is crazy!! Even the LIUSA IG is finally at 1 million followers!!,reaction,
"This has been real fun, and I appreciate it more than you guys know. At a time in my life where I've recently lost some good friends it's been therapeutic and so special to be able to still have people to talk to about the show.",reaction,
"This season was reality TV at its best...on any platform. Don't let future US series turn you away, just realize that something like this is possible.",hot_take,
When I came to this reddit a month ago it was around 80k….the growth is CRAZYYYY,reaction,
Omg why is 'lawful evil' so fitting for Will lol. It reminds me of that post someone made about him being an 'ethical fuckboy',reaction,
"i had a tough time with cinco, i can see that!! i feel like genny had to be chaotic evil the moment she came in knowing shannon was mad at her but STILL kissing josh",analysis,
"Josh and Jeremy should be true neutral. Josh because he sometimes seems excited to pick fights with Shannon. Jeremy because I seriously don't think the dude has bad intentions, he just got a bad edit prior to casa amor. Cinco should be neutral evil - he cant decide for shit and it ends up hurting everyone.",analysis,
"Kyra is very supportive of others in the group and settles into a more conventional relationship. She is willing to work hard to maintain her relationship, is very loyal, and refuses to even entertain impulsively recoupling.",analysis,
"Shannon wants loyalty. If someone isnt then she makes it her problem. It doesnt matter what anyone involved feels, and as such, the group comes second to loyalty and conventions.",analysis,
Olivia wants what she wants and what she wants changes every three days and she doesnt care if she steps on peoples toes to get it. She is impulsive and in it for herself.,analysis,
"trina is not neutral good… she called cash immature for being upset that cinco chose her without telling her within earshot, tried to kiss him behind cash's back when cash and cinco were in a couple",analysis,
cinco is EVIL wtf u mean,hot_take,
"Shannon 'Hands Up, Don't Shoot' St.Claire is 100 percent chaotic evil",hot_take,
I personally don't think any non-psychopathic human can be described as chaotic evil bc no one is motivated by purely causing evil and mayhem.,analysis,
